<?xml version="1.0" encoding="utf-8"?>
<!--/779933/208585/2.47/4/4/Integrated Circuit/-->
<quadcept_library>
  <setting unit="mil" />
  <textstyle name="Default" height="47.244094488189" strokewidth="7.8740157480315" charwidth="47.244094488189" />
  <textstyle name="Dimension" height="19.6850393700787" strokewidth="0" charwidth="19.6850393700787" />
  <textstyle name="H127W0635TH00762" height="50" strokewidth="3" charwidth="25" />
  <textstyle name="H15W15TH02" height="59.0551181102362" strokewidth="7.8740157480315" charwidth="59.0551181102362" />
  <padstyle name="r216_107" surface="True" plated="False" isvia="False" nopaste="False" nomask="True" complex="False" holesize="0">
    <padshape layer="TOP" shape="rectangle" width="42.125984251968" height="85.039370078739" />
    <padshape layer="TOP_SOLDER_MASK" shape="rectangle" width="49.999999999999" height="92.913385826771" />
    <padshape layer="TOP_SOLDER_PASTE" shape="rectangle" width="42.125984251968" height="85.039370078739" />
  </padstyle>
  <padstyle name="r833_700" surface="True" plated="False" isvia="False" nopaste="False" nomask="True" complex="False" holesize="0">
    <padshape layer="TOP" shape="rectangle" width="275.5905511811" height="327.95275590551" />
    <padshape layer="TOP_SOLDER_MASK" shape="rectangle" width="283.46456692913" height="335.82677165354" />
    <padshape layer="TOP_SOLDER_PASTE" shape="rectangle" width="275.5905511811" height="327.95275590551" />
  </padstyle>
  <padstyle name="r191_123.5" surface="True" plated="False" isvia="False" nopaste="False" nomask="True" complex="False" holesize="0">
    <padshape layer="TOP" shape="rectangle" width="48.622047244094" height="75.1968503937" />
    <padshape layer="TOP_SOLDER_MASK" shape="rectangle" width="56.496062992125" height="83.070866141731" />
    <padshape layer="TOP_SOLDER_PASTE" shape="rectangle" width="48.622047244094" height="75.1968503937" />
  </padstyle>
  <footprint name="KTT0003B" originx="0" originy="0" pickpointx="0" pickpointy="0">
    <pcbpin number="1" name="1" style="r216_107" originx="498.81889763779" originy="-99.999999999999" rotation="90" />
    <pcbpin number="2" name="2" style="r216_107" originx="498.81889763779" originy="0" rotation="90" />
    <pcbpin number="3" name="3" style="r216_107" originx="498.81889763779" originy="99.999999999999" rotation="90" />
    <pcbpin number="4" name="4" style="r833_700" originx="78.740157480314" originy="0" rotation="0" />
    <pcbpin number="5" name="5" style="r191_123.5" originx="-21.456692913386" originy="188.2874015748" rotation="90" />
    <pcbpin number="6" name="6" style="r191_123.5" originx="-21.456692913386" originy="-188.2874015748" rotation="90" />
    <line layer="TOP_ASSEMBLY" originx="0" originy="200" endx="340.15748031496" endy="200" width="7.8740157480314" />
    <line layer="TOP_ASSEMBLY" originx="340.15748031496" originy="200" endx="340.15748031496" endy="-200" width="7.8740157480314" />
    <line layer="TOP_ASSEMBLY" originx="340.15748031496" originy="-200" endx="0" endy="-200" width="7.8740157480314" />
    <line layer="TOP_ASSEMBLY" originx="0" originy="-200" endx="0" endy="200" width="7.8740157480314" />
    <line layer="TOP_SILKSCREEN" originx="340.15748031496" originy="200" endx="340.15748031496" endy="-200" width="7.8740157480314" />
    <line layer="TOP_SILKSCREEN" originx="340.15748031496" originy="200" endx="37.007874015748" endy="200" width="7.8740157480314" />
    <line layer="TOP_SILKSCREEN" originx="340.15748031496" originy="-200" endx="37.007874015748" endy="-200" width="7.8740157480314" />
    <arc layer="TOP_SILKSCREEN" originx="570.74803149606" originy="-98.818897637794" startangle="180" sweepangle="180" radius="2.5590551181102" width="7.8740157480314" />
    <arc layer="TOP_SILKSCREEN" originx="570.74803149606" originy="-98.818897637794" startangle="180" sweepangle="-180" radius="2.5590551181102" width="7.8740157480314" />
  </footprint>
  <symbol name="LMS1585AISX-3.3_NO" originx="0" originy="0">
    <line originx="200" originy="100" endx="1100" endy="100" width="0" />
    <line originx="1100" originy="-200" endx="1100" endy="100" width="0" />
    <line originx="1100" originy="-200" endx="200" endy="-200" width="0" />
    <line originx="200" originy="100" endx="200" endy="-200" width="0" />
    <sympin number="1" originx="200" originy="0" rotation="180" length="100" width="7.8740157480315" flipped="False">
      <text name="pinname" originx="230" originy="0" style="Default" rotation="0" justify="left" flipped="False" hidden="False" data="ADJ/GND" />
      <text name="pindes" originx="140" originy="20" style="Default" rotation="0" justify="lowerright" flipped="False" hidden="False" data="1" />
    </sympin>
    <sympin number="2" originx="200" originy="-100" rotation="180" length="100" width="7.8740157480315" flipped="False">
      <text name="pinname" originx="230" originy="-100" style="Default" rotation="0" justify="left" flipped="False" hidden="False" data="OUTPUT" />
      <text name="pindes" originx="140" originy="-80" style="Default" rotation="0" justify="lowerright" flipped="False" hidden="False" data="2" />
    </sympin>
    <sympin number="3" originx="1100" originy="0" rotation="0" length="100" width="7.8740157480315" flipped="False">
      <text name="pinname" originx="1070" originy="0" style="Default" rotation="0" justify="right" flipped="False" hidden="False" data="INPUT" />
      <text name="pindes" originx="1160" originy="20" style="Default" rotation="0" justify="lowerleft" flipped="False" hidden="False" data="3" />
    </sympin>
    <sympin number="4" originx="1100" originy="-100" rotation="0" length="100" width="7.8740157480315" flipped="False">
      <text name="pinname" originx="1070" originy="-100" style="Default" rotation="0" justify="right" flipped="False" hidden="False" data="VOUT" />
      <text name="pindes" originx="1160" originy="-80" style="Default" rotation="0" justify="lowerleft" flipped="False" hidden="False" data="4" />
    </sympin>
  </symbol>
  <component name="LMS1585AISX-3.3_NO" designatorprefix="IC" height="0" footprint="KTT0003B">
    <comppin designator="1" sympin="1" pinswap="0" gateswap="0" gate="1" group="1" side="" type="Any" name="ADJ/GND" />
    <comppin designator="2" sympin="2" pinswap="0" gateswap="0" gate="1" group="1" side="" type="Any" name="OUTPUT" />
    <comppin designator="3" sympin="3" pinswap="0" gateswap="0" gate="1" group="1" side="" type="Any" name="INPUT" />
    <comppin designator="4" sympin="4" pinswap="0" gateswap="0" gate="1" group="1" side="" type="Any" name="VOUT" />
    <attached_symbol gate="1" name="LMS1585AISX-3.3_NO" />
    <pinmap designator="1" footprintpin="1" />
    <pinmap designator="2" footprintpin="2" />
    <pinmap designator="3" footprintpin="3" />
    <pinmap designator="4" footprintpin="4" />
    <text name="Datasheet" originx="0" originy="0" style="Default" rotation="0" justify="" flipped="False" hidden="True" data="http://www.ti.com/lit/gpn/LMS1585A" />
    <text name="Description" originx="0" originy="0" style="Default" rotation="0" justify="" flipped="False" hidden="True" data="5A Fixed / Adjustable Output Linear Regulators / LDO" />
    <text name="Mouser Part Number" originx="0" originy="0" style="Default" rotation="0" justify="" flipped="False" hidden="True" data="595-LMS1585AISX33/NO" />
    <text name="Mouser Price/Stock" originx="0" originy="0" style="Default" rotation="0" justify="" flipped="False" hidden="True" data="https://www.mouser.co.uk/ProductDetail/Texas-Instruments/LMS1585AISX-33-NO/?qs=Mv7BduZupUgcTszQb%252BDdgQ%3D%3D" />
    <text name="Manufacturer_Name" originx="0" originy="0" style="Default" rotation="0" justify="" flipped="False" hidden="True" data="Texas Instruments" />
    <text name="Manufacturer_Part_Number" originx="1150" originy="200" style="Default" rotation="0" justify="left" flipped="False" hidden="False" data="LMS1585AISX-3.3/NO" />
  </component>
</quadcept_library>
